Agent GUID,File Path,Task ID,Status
0b9457b3-5425-4271-9443-179f466b63b0,C:\assessment.zip,RM-20250605-00041,Success
13002f2c-0c2d-4797-a111-f6c239847cbd,C:\assessment.zip,RM-20250605-00042,Success
156746ef-e0ee-425a-9384-8443c09ad432,C:\assessment.zip,RM-20250605-00043,Success
157af349-e134-4c5a-9b96-6818e2249c01,C:\assessment.zip,RM-20250605-00044,Success
17f278e0-2249-4549-8b1d-6db0c510e779,C:\assessment.zip,RM-20250605-00045,Success
30f5f0f4-a02b-449e-9578-096b90994204,C:\assessment.zip,RM-20250605-00046,Success
321fe297-c05c-4b9d-b598-c6c2c81c29b6,C:\assessment.zip,RM-20250605-00047,Success
3512f991-dc99-4d5c-bb32-0f5f695026fc,C:\assessment.zip,RM-20250605-00048,Success
35b946dc-e8ce-484e-ab81-d8061455b7af,C:\assessment.zip,RM-20250605-00049,Success
388f76d6-095e-4316-8b4b-5b9b22b306ae,C:\assessment.zip,RM-20250605-00050,Success
39cf2677-7a58-42b2-99a5-638e25c2f8a6,C:\assessment.zip,RM-20250605-00051,Success
39d8b26d-e601-4098-ad90-f8100b78679f,C:\assessment.zip,RM-20250605-00052,Success
3b752120-570b-4ad8-9966-1910e4f8b611,C:\assessment.zip,RM-20250605-00053,Success
41040a94-2fe2-42e8-ae10-f25246b0dd8f,C:\assessment.zip,RM-20250605-00054,Success
528305cb-54ab-445c-834d-3b85c1c62d3f,C:\assessment.zip,RM-20250605-00055,Success
535d84f5-2b1e-4662-910f-745804178087,C:\assessment.zip,RM-20250605-00056,Success
5e03444e-5f24-4329-8247-17e7ecc11acd,C:\assessment.zip,RM-20250605-00057,Success
68ce8423-caa0-4043-883f-86154ee8ebe9,C:\assessment.zip,RM-20250605-00058,Success
69034d91-3658-4479-bb26-4c24439d39a9,C:\assessment.zip,RM-20250605-00059,Success
6d51e536-d927-4bff-9189-3fb7b21269dd,C:\assessment.zip,RM-20250605-00060,Success
756ea146-f83b-f3a8-de00-7d60377d6b15,C:\assessment.zip,N/A,Failed
7939d578-8495-4fa0-924f-b9850972ab52,C:\assessment.zip,RM-20250605-00061,Success
8478e2ad-6236-46f7-b7a7-5f1830e07770,C:\assessment.zip,RM-20250605-00062,Success
896e1dda-8fb3-4b7b-91a7-cea630a60aff,C:\assessment.zip,RM-20250605-00063,Success
8d1d56a0-ddb4-4a90-840c-afbf80f9bd35,C:\assessment.zip,RM-20250605-00064,Success
96b2535c-1031-43de-a57f-9c21c97c257c,C:\assessment.zip,RM-20250605-00065,Success
a71c69ae-d576-4181-a571-b1bf5d22ef96,C:\assessment.zip,RM-20250605-00066,Success
a7a03576-12df-479e-b705-9282cee5a22c,C:\assessment.zip,RM-20250605-00067,Success
ad83d651-6434-4a08-b8b7-cc0fa83bc177,C:\assessment.zip,RM-20250605-00068,Success
b00ef11a-c99d-4b5d-a24d-c39b56fbc7bb,C:\assessment.zip,RM-20250605-00069,Success
b069b20e-be39-44c7-885e-2e0c7ca5d667,C:\assessment.zip,RM-20250605-00070,Success
c0e1231e-6416-480f-bc47-b858b146b659,C:\assessment.zip,RM-20250605-00071,Success
c734575d-d0bb-46d2-b64b-d47a9a1fedf3,C:\assessment.zip,RM-20250605-00072,Success
c9d68538-154b-4e43-8c58-c5216773df19,C:\assessment.zip,RM-20250605-00073,Success
d7af42df-c195-48c0-816c-243ee1464334,C:\assessment.zip,RM-20250605-00074,Success
dbc5d386-593a-488d-b094-1f44b06c39aa,C:\assessment.zip,RM-20250605-00075,Success
e955b77c-241a-4670-97fb-740afd8b5786,C:\assessment.zip,RM-20250605-00076,Success
ec99eb98-556f-40ca-8d3e-50dd671f2342,C:\assessment.zip,RM-20250605-00077,Success
f68eaf12-0d66-4e1f-aac8-5706ab7c7ba5,C:\assessment.zip,RM-20250605-00078,Success
f8595746-660f-49ca-80b7-dcf6e58568c1,C:\assessment.zip,RM-20250605-00079,Success
fa9a4b63-067f-44fc-ac45-30367a9f2411,C:\assessment.zip,N/A,Failed
feba3f81-2755-4398-87d4-e1a647e6a377,C:\assessment.zip,RM-20250605-00080,Success
